url,bing_clicks,bing_impressions,bing_avg_position
https://prisonsonline.com/prisons/uk/hmp-bedford/booking-a-visit,3,1,2.00
https://prisonsonline.com/prisons/uk/hmp-belmarsh/booking-a-visit,2,5,6.00
https://prisonsonline.com/prisons/uk/hmp-berwyn/booking-a-visit,4,22,4.00
https://prisonsonline.com/prisons/uk/hmp-berwyn/contact-details,8,716,6.53
https://prisonsonline.com/prisons/uk/hmp-birmingham/contact-details,1,21,7.00
https://prisonsonline.com/prisons/uk/hmp-birmingham/visiting-times,2,1,2.00
https://prisonsonline.com/prisons/uk/hmp-brixton/visiting-times,1,1,1.00
https://prisonsonline.com/prisons/uk/hmp-buckley-hall/contact-details,2,9,6.67
https://prisonsonline.com/prisons/uk/hmp-bullingdon/booking-a-visit,2,2,3.50
https://prisonsonline.com/prisons/uk/hmp-bullingdon/contact-details,17,758,5.43
https://prisonsonline.com/prisons/uk/hmp-cardiff/contact-details,6,190,6.09
https://prisonsonline.com/prisons/uk/hmp-channings-wood/contact-details,4,39,6.36
https://prisonsonline.com/prisons/uk/hmp-coldingley/contact-details,3,67,7.64
https://prisonsonline.com/prisons/uk/hmp-dovegate/contact-details,1,11,8.00
https://prisonsonline.com/prisons/uk/hmp-durham/booking-a-visit,4,16,5.00
https://prisonsonline.com/prisons/uk/hmp-durham/contact-details,16,661,5.72
https://prisonsonline.com/prisons/uk/hmp-elmley/contact-details,4,250,7.23
https://prisonsonline.com/prisons/uk/hmp-erlestoke/contact-details,3,26,7.00
https://prisonsonline.com/prisons/uk/hmp-exeter/contact-details,3,82,6.00
https://prisonsonline.com/prisons/uk/hmp-featherstone/contact-details,1,3,7.00
https://prisonsonline.com/prisons/uk/hmp-five-wells/contact-details,17,605,4.65
https://prisonsonline.com/prisons/uk/hmp-forest-bank/contact-details,1,108,7.63
https://prisonsonline.com/prisons/uk/hmp-frankland/contact-details,1,33,6.00
https://prisonsonline.com/prisons/uk/hmp-full-sutton/contact-details,5,74,6.41
https://prisonsonline.com/prisons/uk/hmp-garth/contact-details,8,252,5.68
https://prisonsonline.com/prisons/uk/hmp-gartree/contact-details,8,382,5.86
https://prisonsonline.com/prisons/uk/hmp-guys-marsh/contact-details,5,483,7.05
https://prisonsonline.com/prisons/uk/hmp-hatfield/contact-details,3,77,4.73
https://prisonsonline.com/prisons/uk/hmp-hewell/contact-details,9,549,7.05
https://prisonsonline.com/prisons/uk/hmp-highpoint/contact-details,2,187,7.08
https://prisonsonline.com/prisons/uk/hmp-holme-house/contact-details,2,56,6.30
https://prisonsonline.com/prisons/uk/hmp-humber/booking-a-visit,3,5,3.00
https://prisonsonline.com/prisons/uk/hmp-huntercombe/booking-a-visit,1,193,8.02
https://prisonsonline.com/prisons/uk/hmp-huntercombe/contact-details,3,906,6.45
https://prisonsonline.com/prisons/uk/hmp-isle-of-wight/contact-details,3,61,4.00
https://prisonsonline.com/prisons/uk/hmp-kirkham/contact-details,3,58,5.05
https://prisonsonline.com/prisons/uk/hmp-lancaster-farms/contact-details,2,98,5.60
https://prisonsonline.com/prisons/uk/hmp-leeds/contact-details,3,373,6.39
https://prisonsonline.com/prisons/uk/hmp-leicester/contact-details,1,4,5.00
https://prisonsonline.com/prisons/uk/hmp-lewes/contact-details,2,155,6.00
https://prisonsonline.com/prisons/uk/hmp-leyhill/booking-a-visit,2,4,4.00
https://prisonsonline.com/prisons/uk/hmp-lindholme/contact-details,1,2,8.00
https://prisonsonline.com/prisons/uk/hmp-liverpool/contact-details,5,271,6.52
https://prisonsonline.com/prisons/uk/hmp-long-lartin/contact-details,2,43,4.70
https://prisonsonline.com/prisons/uk/hmp-lowdham-grange/booking-a-visit,2,2,5.00
https://prisonsonline.com/prisons/uk/hmp-lowdham-grange/contact-details,4,89,6.71
https://prisonsonline.com/prisons/uk/hmp-manchester/contact-details,2,7,6.00
https://prisonsonline.com/prisons/uk/hmp-morton-hall/contact-details,1,39,6.00
https://prisonsonline.com/prisons/uk/hmp-north-sea-camp/contact-details,3,31,4.23
https://prisonsonline.com/prisons/uk/hmp-norwich/contact-details,2,41,7.00
https://prisonsonline.com/prisons/uk/hmp-nottingham/contact-details,4,289,6.58
https://prisonsonline.com/prisons/uk/hmp-oakwood/contact-details,2,165,7.58
https://prisonsonline.com/prisons/uk/hmp-peterborough/contact-details,5,535,6.92
https://prisonsonline.com/prisons/uk/hmp-preston/contact-details,11,789,6.43
https://prisonsonline.com/prisons/uk/hmp-preston/visiting-times,1,1,3.00
https://prisonsonline.com/prisons/uk/hmp-ranby/contact-details,11,584,6.15
https://prisonsonline.com/prisons/uk/hmp-risley/booking-a-visit,1,2,5.00
https://prisonsonline.com/prisons/uk/hmp-risley/contact-details,3,343,6.97
https://prisonsonline.com/prisons/uk/hmp-rye-hill/contact-details,4,345,6.83
https://prisonsonline.com/prisons/uk/hmp-spring-hill/visiting-times,1,1,3.00
https://prisonsonline.com/prisons/uk/hmp-sudbury/booking-a-visit,1,2,3.00
https://prisonsonline.com/prisons/uk/hmp-sudbury/visiting-times,1,1,2.00
https://prisonsonline.com/prisons/uk/hmp-swaleside/booking-a-visit,1,1,3.00
https://prisonsonline.com/prisons/uk/hmp-swaleside/contact-details,10,105,5.21
https://prisonsonline.com/prisons/uk/hmp-swansea/contact-details,1,2,4.00
https://prisonsonline.com/prisons/uk/hmp-swansea/visiting-times,1,2,2.00
https://prisonsonline.com/prisons/uk/hmp-thameside/contact-details,14,1052,6.24
https://prisonsonline.com/prisons/uk/hmp-the-mount/contact-details,2,298,6.93
https://prisonsonline.com/prisons/uk/hmp-the-verne/booking-a-visit,1,1,4.00
https://prisonsonline.com/prisons/uk/hmp-usk/contact-details,1,11,8.00
https://prisonsonline.com/prisons/uk/hmp-usk/visiting-times,1,5,3.00
https://prisonsonline.com/prisons/uk/hmp-wakfield/contact-details,1,1,6.00
https://prisonsonline.com/prisons/uk/hmp-wandsworth/booking-a-visit,4,7,3.29
https://prisonsonline.com/prisons/uk/hmp-wandsworth/contact-details,19,975,6.74
https://prisonsonline.com/prisons/uk/hmp-wayland/contact-details,1,17,6.00
https://prisonsonline.com/prisons/uk/hmp-wealstun/booking-a-visit,1,3,4.00
https://prisonsonline.com/prisons/uk/hmp-wealstun/contact-details,4,681,6.61
https://prisonsonline.com/prisons/uk/hmp-whatton/booking-a-visit,3,7,3.00
https://prisonsonline.com/prisons/uk/hmp-whatton/visiting-times,2,2,4.00
https://prisonsonline.com/prisons/uk/hmp-whitemoor/contact-details,4,143,4.51
https://prisonsonline.com/prisons/uk/hmp-wormwood-scrubs/booking-a-visit,4,9,3.44
https://prisonsonline.com/prisons/uk/hmp-wormwood-scrubs/contact-details,10,896,5.79
https://prisonsonline.com/prisons/uk/hmp-wymott/contact-details,5,196,6.41
https://prisonsonline.com/prisons/uk/hmp-wymott/visiting-times,1,4,5.00
https://prisonsonline.com/prisons/uk/hmp-yoi-altcourse/contact-details,1,15,7.00
https://prisonsonline.com/prisons/uk/hmp-yoi-bronzefield/contact-details,12,321,6.34
https://prisonsonline.com/prisons/uk/hmp-yoi-chelmsford/contact-details,2,16,6.63
https://prisonsonline.com/prisons/uk/hmp-yoi-east-sutton-park/contact-details,2,3,4.00
https://prisonsonline.com/prisons/uk/hmp-yoi-foston-hall/contact-details,1,14,7.00
https://prisonsonline.com/prisons/uk/hmp-yoi-hindley/contact-details,5,96,7.48
https://prisonsonline.com/prisons/uk/hmp-yoi-hollesley-bay/contact-details,1,11,5.00
https://prisonsonline.com/prisons/uk/hmp-yoi-hull/contact-details,1,12,6.00
https://prisonsonline.com/prisons/uk/hmp-yoi-moorland/contact-details,2,13,9.77
https://prisonsonline.com/prisons/uk/hmp-yoi-new-hall/contact-details,1,7,6.00
https://prisonsonline.com/prisons/uk/hmp-yoi-new-hall/visiting-times,1,2,3.00
https://prisonsonline.com/prisons/uk/hmp-yoi-pentonville/contact-details,1,321,6.74
https://prisonsonline.com/prisons/uk/hmp-yoi-stocken/booking-a-visit,1,2,8.00
https://prisonsonline.com/prisons/uk/hmp-yoi-stoke-heath/contact-details,2,17,7.00
https://prisonsonline.com/prisons/uk/hmp-yoi-stoke-heath/visiting-times,1,2,4.00
https://prisonsonline.com/prisons/uk/hmp-yoi-thorn-cross/contact-details,4,9,4.33
https://prisonsonline.com/prisons/uk/hmyoi-wetherby/contact-details,1,3,7.00
https://prisonsonline.com/prisons/us/coleman-i-usp/visiting-times,1,2,6.00
