url,ga4_organic_sessions
https://prisonsonline.com/prisons/uk/hmp-ashfield/contact-details,5
https://prisonsonline.com/prisons/uk/hmp-ashfield/what-to-expect,1
https://prisonsonline.com/prisons/uk/hmp-bedford/booking-a-visit,1
https://prisonsonline.com/prisons/uk/hmp-bedford/contact-details,1
https://prisonsonline.com/prisons/uk/hmp-belmarsh/booking-a-visit,5
https://prisonsonline.com/prisons/uk/hmp-belmarsh/visiting-times,2
https://prisonsonline.com/prisons/uk/hmp-berwyn/booking-a-visit,8
https://prisonsonline.com/prisons/uk/hmp-berwyn/contact-details,5
https://prisonsonline.com/prisons/uk/hmp-berwyn/visiting-times,2
https://prisonsonline.com/prisons/uk/hmp-birmingham/contact-details,2
https://prisonsonline.com/prisons/uk/hmp-birmingham/what-to-expect,1
https://prisonsonline.com/prisons/uk/hmp-bristol/booking-a-visit,1
https://prisonsonline.com/prisons/uk/hmp-bristol/contact-details,1
https://prisonsonline.com/prisons/uk/hmp-brixton/contact-details,1
https://prisonsonline.com/prisons/uk/hmp-brixton/visiting-times,1
https://prisonsonline.com/prisons/uk/hmp-buckley-hall/booking-a-visit,1
https://prisonsonline.com/prisons/uk/hmp-buckley-hall/contact-details,5
https://prisonsonline.com/prisons/uk/hmp-bullingdon/booking-a-visit,2
https://prisonsonline.com/prisons/uk/hmp-bullingdon/contact-details,10
https://prisonsonline.com/prisons/uk/hmp-bure/booking-a-visit,1
https://prisonsonline.com/prisons/uk/hmp-bure/what-to-expect,1
https://prisonsonline.com/prisons/uk/hmp-cardiff/contact-details,3
https://prisonsonline.com/prisons/uk/hmp-channings-wood/contact-details,3
https://prisonsonline.com/prisons/uk/hmp-channings-wood/visiting-times,1
https://prisonsonline.com/prisons/uk/hmp-coldingley/contact-details,2
https://prisonsonline.com/prisons/uk/hmp-dartmoor/booking-a-visit,1
https://prisonsonline.com/prisons/uk/hmp-dartmoor/visiting-times,1
https://prisonsonline.com/prisons/uk/hmp-dovegate/booking-a-visit,4
https://prisonsonline.com/prisons/uk/hmp-dovegate/contact-details,3
https://prisonsonline.com/prisons/uk/hmp-dovegate/visiting-times,2
https://prisonsonline.com/prisons/uk/hmp-durham/booking-a-visit,3
https://prisonsonline.com/prisons/uk/hmp-durham/contact-details,12
https://prisonsonline.com/prisons/uk/hmp-elmley/booking-a-visit,1
https://prisonsonline.com/prisons/uk/hmp-elmley/contact-details,6
https://prisonsonline.com/prisons/uk/hmp-elmley/visiting-times,4
https://prisonsonline.com/prisons/uk/hmp-elmley/what-to-expect,1
https://prisonsonline.com/prisons/uk/hmp-erlestoke/contact-details,7
https://prisonsonline.com/prisons/uk/hmp-exeter/booking-a-visit,2
https://prisonsonline.com/prisons/uk/hmp-exeter/contact-details,6
https://prisonsonline.com/prisons/uk/hmp-exeter/visiting-times,1
https://prisonsonline.com/prisons/uk/hmp-featherstone/booking-a-visit,1
https://prisonsonline.com/prisons/uk/hmp-featherstone/contact-details,1
https://prisonsonline.com/prisons/uk/hmp-featherstone/visiting-times,1
https://prisonsonline.com/prisons/uk/hmp-five-wells/contact-details,12
https://prisonsonline.com/prisons/uk/hmp-five-wells/what-to-expect,1
https://prisonsonline.com/prisons/uk/hmp-forest-bank/booking-a-visit,2
https://prisonsonline.com/prisons/uk/hmp-forest-bank/contact-details,3
https://prisonsonline.com/prisons/uk/hmp-forest-bank/visiting-times,4
https://prisonsonline.com/prisons/uk/hmp-frankland/contact-details,1
https://prisonsonline.com/prisons/uk/hmp-frankland/what-to-expect,3
https://prisonsonline.com/prisons/uk/hmp-full-sutton/booking-a-visit,1
https://prisonsonline.com/prisons/uk/hmp-full-sutton/contact-details,3
https://prisonsonline.com/prisons/uk/hmp-full-sutton/visiting-times,2
https://prisonsonline.com/prisons/uk/hmp-garth/booking-a-visit,1
https://prisonsonline.com/prisons/uk/hmp-garth/contact-details,5
https://prisonsonline.com/prisons/uk/hmp-gartree/contact-details,6
https://prisonsonline.com/prisons/uk/hmp-grendon/contact-details,1
https://prisonsonline.com/prisons/uk/hmp-grendon/visiting-times,1
https://prisonsonline.com/prisons/uk/hmp-grendon/what-to-expect,2
https://prisonsonline.com/prisons/uk/hmp-guys-marsh/contact-details,5
https://prisonsonline.com/prisons/uk/hmp-guys-marsh/visiting-times,1
https://prisonsonline.com/prisons/uk/hmp-hatfield/contact-details,6
https://prisonsonline.com/prisons/uk/hmp-hewell/booking-a-visit,2
https://prisonsonline.com/prisons/uk/hmp-hewell/contact-details,4
https://prisonsonline.com/prisons/uk/hmp-highpoint/booking-a-visit,2
https://prisonsonline.com/prisons/uk/hmp-highpoint/contact-details,5
https://prisonsonline.com/prisons/uk/hmp-holme-house/contact-details,3
https://prisonsonline.com/prisons/uk/hmp-holme-house/what-to-expect,2
https://prisonsonline.com/prisons/uk/hmp-humber/booking-a-visit,3
https://prisonsonline.com/prisons/uk/hmp-humber/contact-details,2
https://prisonsonline.com/prisons/uk/hmp-huntercombe/contact-details,3
https://prisonsonline.com/prisons/uk/hmp-isle-of-wight/booking-a-visit,1
https://prisonsonline.com/prisons/uk/hmp-isle-of-wight/contact-details,2
https://prisonsonline.com/prisons/uk/hmp-isle-of-wight/visiting-times,1
https://prisonsonline.com/prisons/uk/hmp-isle-of-wight/what-to-expect,1
https://prisonsonline.com/prisons/uk/hmp-kirkham/contact-details,1
https://prisonsonline.com/prisons/uk/hmp-kirklevington-grange/contact-details,5
https://prisonsonline.com/prisons/uk/hmp-lancaster-farms/contact-details,5
https://prisonsonline.com/prisons/uk/hmp-lancaster-farms/what-to-expect,2
https://prisonsonline.com/prisons/uk/hmp-leeds/booking-a-visit,4
https://prisonsonline.com/prisons/uk/hmp-leeds/contact-details,5
https://prisonsonline.com/prisons/uk/hmp-leeds/visiting-times,1
https://prisonsonline.com/prisons/uk/hmp-leeds/what-to-expect,2
https://prisonsonline.com/prisons/uk/hmp-leicester/contact-details,2
https://prisonsonline.com/prisons/uk/hmp-leicester/what-to-expect,1
https://prisonsonline.com/prisons/uk/hmp-lewes/booking-a-visit,1
https://prisonsonline.com/prisons/uk/hmp-lewes/contact-details,4
https://prisonsonline.com/prisons/uk/hmp-lewes/visiting-times,1
https://prisonsonline.com/prisons/uk/hmp-leyhill/booking-a-visit,1
https://prisonsonline.com/prisons/uk/hmp-leyhill/what-to-expect,1
https://prisonsonline.com/prisons/uk/hmp-lindholme/booking-a-visit,2
https://prisonsonline.com/prisons/uk/hmp-lindholme/contact-details,1
https://prisonsonline.com/prisons/uk/hmp-lindholme/visiting-times,2
https://prisonsonline.com/prisons/uk/hmp-liverpool/contact-details,5
https://prisonsonline.com/prisons/uk/hmp-long-lartin/contact-details,5
https://prisonsonline.com/prisons/uk/hmp-long-lartin/visiting-times,2
https://prisonsonline.com/prisons/uk/hmp-lowdham-grange/booking-a-visit,3
https://prisonsonline.com/prisons/uk/hmp-lowdham-grange/contact-details,2
https://prisonsonline.com/prisons/uk/hmp-lowdham-grange/what-to-expect,1
https://prisonsonline.com/prisons/uk/hmp-manchester/booking-a-visit,1
https://prisonsonline.com/prisons/uk/hmp-manchester/contact-details,3
https://prisonsonline.com/prisons/uk/hmp-morton-hall/contact-details,1
https://prisonsonline.com/prisons/uk/hmp-north-sea-camp/contact-details,5
https://prisonsonline.com/prisons/uk/hmp-north-sea-camp/visiting-times,1
https://prisonsonline.com/prisons/uk/hmp-north-sea-camp/what-to-expect,1
https://prisonsonline.com/prisons/uk/hmp-northumberland/booking-a-visit,1
https://prisonsonline.com/prisons/uk/hmp-northumberland/contact-details,4
https://prisonsonline.com/prisons/uk/hmp-northumberland/what-to-expect,1
https://prisonsonline.com/prisons/uk/hmp-norwich/contact-details,5
https://prisonsonline.com/prisons/uk/hmp-nottingham/booking-a-visit,1
https://prisonsonline.com/prisons/uk/hmp-nottingham/contact-details,4
https://prisonsonline.com/prisons/uk/hmp-nottingham/what-to-expect,2
https://prisonsonline.com/prisons/uk/hmp-oakwood/booking-a-visit,3
https://prisonsonline.com/prisons/uk/hmp-oakwood/contact-details,4
https://prisonsonline.com/prisons/uk/hmp-oakwood/visiting-times,4
https://prisonsonline.com/prisons/uk/hmp-onley/what-to-expect,2
https://prisonsonline.com/prisons/uk/hmp-peterborough/contact-details,4
https://prisonsonline.com/prisons/uk/hmp-preston/contact-details,11
https://prisonsonline.com/prisons/uk/hmp-preston/visiting-times,1
https://prisonsonline.com/prisons/uk/hmp-ranby/booking-a-visit,1
https://prisonsonline.com/prisons/uk/hmp-ranby/contact-details,1
https://prisonsonline.com/prisons/uk/hmp-ranby/what-to-expect,1
https://prisonsonline.com/prisons/uk/hmp-risley/booking-a-visit,1
https://prisonsonline.com/prisons/uk/hmp-risley/contact-details,3
https://prisonsonline.com/prisons/uk/hmp-risley/visiting-times,1
https://prisonsonline.com/prisons/uk/hmp-rye-hill/contact-details,4
https://prisonsonline.com/prisons/uk/hmp-rye-hill/visiting-times,1
https://prisonsonline.com/prisons/uk/hmp-spring-hill/visiting-times,2
https://prisonsonline.com/prisons/uk/hmp-stafford/contact-details,1
https://prisonsonline.com/prisons/uk/hmp-stafford/what-to-expect,2
https://prisonsonline.com/prisons/uk/hmp-sudbury/booking-a-visit,4
https://prisonsonline.com/prisons/uk/hmp-sudbury/contact-details,1
https://prisonsonline.com/prisons/uk/hmp-sudbury/visiting-times,2
https://prisonsonline.com/prisons/uk/hmp-swaleside/contact-details,5
https://prisonsonline.com/prisons/uk/hmp-swansea/booking-a-visit,4
https://prisonsonline.com/prisons/uk/hmp-swansea/contact-details,2
https://prisonsonline.com/prisons/uk/hmp-swansea/visiting-times,4
https://prisonsonline.com/prisons/uk/hmp-thameside/booking-a-visit,3
https://prisonsonline.com/prisons/uk/hmp-thameside/contact-details,8
https://prisonsonline.com/prisons/uk/hmp-thameside/visiting-times,1
https://prisonsonline.com/prisons/uk/hmp-usk/booking-a-visit,3
https://prisonsonline.com/prisons/uk/hmp-usk/contact-details,9
https://prisonsonline.com/prisons/uk/hmp-usk/visiting-times,1
https://prisonsonline.com/prisons/uk/hmp-wakfield/contact-details,1
https://prisonsonline.com/prisons/uk/hmp-wakfield/visiting-times,1
https://prisonsonline.com/prisons/uk/hmp-wandsworth/booking-a-visit,6
https://prisonsonline.com/prisons/uk/hmp-wandsworth/contact-details,15
https://prisonsonline.com/prisons/uk/hmp-warren-hill/booking-a-visit,1
https://prisonsonline.com/prisons/uk/hmp-wayland/booking-a-visit,1
https://prisonsonline.com/prisons/uk/hmp-wayland/contact-details,1
https://prisonsonline.com/prisons/uk/hmp-wayland/visiting-times,1
https://prisonsonline.com/prisons/uk/hmp-wealstun/contact-details,3
https://prisonsonline.com/prisons/uk/hmp-whatton/booking-a-visit,2
https://prisonsonline.com/prisons/uk/hmp-whatton/contact-details,5
https://prisonsonline.com/prisons/uk/hmp-whatton/visiting-times,1
https://prisonsonline.com/prisons/uk/hmp-whatton/what-to-expect,1
https://prisonsonline.com/prisons/uk/hmp-whitemoor/contact-details,4
https://prisonsonline.com/prisons/uk/hmp-wormwood-scrubs/booking-a-visit,3
https://prisonsonline.com/prisons/uk/hmp-wormwood-scrubs/contact-details,10
https://prisonsonline.com/prisons/uk/hmp-wormwood-scrubs/what-to-expect,3
https://prisonsonline.com/prisons/uk/hmp-wymott/booking-a-visit,2
https://prisonsonline.com/prisons/uk/hmp-wymott/contact-details,2
https://prisonsonline.com/prisons/uk/hmp-wymott/visiting-times,2
https://prisonsonline.com/prisons/uk/hmp-yoi-altcourse/contact-details,3
https://prisonsonline.com/prisons/uk/hmp-yoi-askham-grange/what-to-expect,1
https://prisonsonline.com/prisons/uk/hmp-yoi-brinsford/contact-details,1
https://prisonsonline.com/prisons/uk/hmp-yoi-bronzefield/booking-a-visit,2
https://prisonsonline.com/prisons/uk/hmp-yoi-bronzefield/contact-details,12
https://prisonsonline.com/prisons/uk/hmp-yoi-bronzefield/visiting-times,1
https://prisonsonline.com/prisons/uk/hmp-yoi-bronzefield/what-to-expect,1
https://prisonsonline.com/prisons/uk/hmp-yoi-chelmsford/booking-a-visit,1
https://prisonsonline.com/prisons/uk/hmp-yoi-chelmsford/contact-details,2
https://prisonsonline.com/prisons/uk/hmp-yoi-chelmsford/visiting-times,2
https://prisonsonline.com/prisons/uk/hmp-yoi-chelmsford/what-to-expect,2
https://prisonsonline.com/prisons/uk/hmp-yoi-doncaster/booking-a-visit,1
https://prisonsonline.com/prisons/uk/hmp-yoi-doncaster/contact-details,1
https://prisonsonline.com/prisons/uk/hmp-yoi-doncaster/what-to-expect,1
https://prisonsonline.com/prisons/uk/hmp-yoi-drake-hall/contact-details,1
https://prisonsonline.com/prisons/uk/hmp-yoi-east-sutton-park/booking-a-visit,1
https://prisonsonline.com/prisons/uk/hmp-yoi-east-sutton-park/contact-details,1
https://prisonsonline.com/prisons/uk/hmp-yoi-foston-hall/contact-details,2
https://prisonsonline.com/prisons/uk/hmp-yoi-hindley/booking-a-visit,1
https://prisonsonline.com/prisons/uk/hmp-yoi-hindley/contact-details,2
https://prisonsonline.com/prisons/uk/hmp-yoi-hollesley-bay/booking-a-visit,1
https://prisonsonline.com/prisons/uk/hmp-yoi-hollesley-bay/contact-details,4
https://prisonsonline.com/prisons/uk/hmp-yoi-hull/booking-a-visit,2
https://prisonsonline.com/prisons/uk/hmp-yoi-hull/contact-details,3
https://prisonsonline.com/prisons/uk/hmp-yoi-hull/visiting-times,1
https://prisonsonline.com/prisons/uk/hmp-yoi-moorland/contact-details,6
https://prisonsonline.com/prisons/uk/hmp-yoi-new-hall/contact-details,1
https://prisonsonline.com/prisons/uk/hmp-yoi-new-hall/visiting-times,1
https://prisonsonline.com/prisons/uk/hmp-yoi-parc/what-to-expect,1
https://prisonsonline.com/prisons/uk/hmp-yoi-pentonville/booking-a-visit,1
https://prisonsonline.com/prisons/uk/hmp-yoi-pentonville/contact-details,5
https://prisonsonline.com/prisons/uk/hmp-yoi-pentonville/visiting-times,2
https://prisonsonline.com/prisons/uk/hmp-yoi-rochester/booking-a-visit,1
https://prisonsonline.com/prisons/uk/hmp-yoi-standford-hill/contact-details,1
https://prisonsonline.com/prisons/uk/hmp-yoi-stocken/booking-a-visit,2
https://prisonsonline.com/prisons/uk/hmp-yoi-stoke-heath/contact-details,2
https://prisonsonline.com/prisons/uk/hmp-yoi-stoke-heath/visiting-times,2
https://prisonsonline.com/prisons/uk/hmp-yoi-styal/booking-a-visit,1
https://prisonsonline.com/prisons/uk/hmp-yoi-styal/visiting-times,1
https://prisonsonline.com/prisons/uk/hmp-yoi-thorn-cross/booking-a-visit,1
https://prisonsonline.com/prisons/uk/hmp-yoi-thorn-cross/contact-details,2
https://prisonsonline.com/prisons/uk/hmp-yoi-thorn-cross/visiting-times,1
https://prisonsonline.com/prisons/uk/hmp-yoi-woodhill/booking-a-visit,1
https://prisonsonline.com/prisons/uk/hmp-yoi-woodhill/contact-details,2
https://prisonsonline.com/prisons/uk/hmyoi-cookham-wood/contact-details,1
https://prisonsonline.com/prisons/uk/hmyoi-deerbolt/visiting-times,1
https://prisonsonline.com/prisons/uk/hmyoi-werrington/booking-a-visit,1
https://prisonsonline.com/prisons/uk/hmyoi-werrington/contact-details,2
https://prisonsonline.com/prisons/uk/hmyoi-werrington/visiting-times,1
https://prisonsonline.com/prisons/uk/hmyoi-wetherby/contact-details,4
https://prisonsonline.com/prisons/us/atlanta-fci/what-to-expect,1
https://prisonsonline.com/prisons/us/brooklyn-mdc/visiting-times,1
https://prisonsonline.com/prisons/us/coleman-i-usp/visiting-times,1
https://prisonsonline.com/prisons/us/manchester-fci/visiting-times,1
