url,gsc_clicks
https://prisonsonline.com/prisons/uk/hmp-ashfield/what-to-expect,0
https://prisonsonline.com/prisons/uk/hmp-bedford/booking-a-visit,0
https://prisonsonline.com/prisons/uk/hmp-bedford/contact-details,0
https://prisonsonline.com/prisons/uk/hmp-bedford/visiting-times,0
https://prisonsonline.com/prisons/uk/hmp-bedford/what-to-expect,0
https://prisonsonline.com/prisons/uk/hmp-belmarsh/booking-a-visit,0
https://prisonsonline.com/prisons/uk/hmp-belmarsh/contact-details,0
https://prisonsonline.com/prisons/uk/hmp-belmarsh/visiting-times,0
https://prisonsonline.com/prisons/uk/hmp-belmarsh/what-to-expect,1
https://prisonsonline.com/prisons/uk/hmp-berwyn/visiting-times,0
https://prisonsonline.com/prisons/uk/hmp-berwyn/what-to-expect,0
https://prisonsonline.com/prisons/uk/hmp-birmingham/booking-a-visit,0
https://prisonsonline.com/prisons/uk/hmp-birmingham/contact-details,0
https://prisonsonline.com/prisons/uk/hmp-birmingham/visiting-times,0
https://prisonsonline.com/prisons/uk/hmp-birmingham/what-to-expect,0
https://prisonsonline.com/prisons/uk/hmp-bristol/booking-a-visit,0
https://prisonsonline.com/prisons/uk/hmp-bristol/contact-details,0
https://prisonsonline.com/prisons/uk/hmp-bristol/visiting-times,0
https://prisonsonline.com/prisons/uk/hmp-bristol/what-to-expect,0
https://prisonsonline.com/prisons/uk/hmp-brixton/booking-a-visit,0
https://prisonsonline.com/prisons/uk/hmp-brixton/contact-details,0
https://prisonsonline.com/prisons/uk/hmp-brixton/visiting-times,0
https://prisonsonline.com/prisons/uk/hmp-brixton/what-to-expect,0
https://prisonsonline.com/prisons/uk/hmp-buckley-hall/booking-a-visit,0
https://prisonsonline.com/prisons/uk/hmp-buckley-hall/visiting-times,0
https://prisonsonline.com/prisons/uk/hmp-bullingdon/booking-a-visit,0
https://prisonsonline.com/prisons/uk/hmp-bullingdon/contact-details,0
https://prisonsonline.com/prisons/uk/hmp-bullingdon/visiting-times,0
https://prisonsonline.com/prisons/uk/hmp-bullingdon/what-to-expect,0
https://prisonsonline.com/prisons/uk/hmp-bure/booking-a-visit,0
https://prisonsonline.com/prisons/uk/hmp-bure/visiting-times,0
https://prisonsonline.com/prisons/uk/hmp-bure/what-to-expect,0
https://prisonsonline.com/prisons/uk/hmp-cardiff/booking-a-visit,0
https://prisonsonline.com/prisons/uk/hmp-cardiff/visiting-times,0
https://prisonsonline.com/prisons/uk/hmp-cardiff/what-to-expect,0
https://prisonsonline.com/prisons/uk/hmp-channings-wood/booking-a-visit,0
https://prisonsonline.com/prisons/uk/hmp-channings-wood/contact-details,0
https://prisonsonline.com/prisons/uk/hmp-coldingley/what-to-expect,0
https://prisonsonline.com/prisons/uk/hmp-dartmoor/booking-a-visit,0
https://prisonsonline.com/prisons/uk/hmp-dartmoor/what-to-expect,0
https://prisonsonline.com/prisons/uk/hmp-dovegate/booking-a-visit,0
https://prisonsonline.com/prisons/uk/hmp-dovegate/visiting-times,0
https://prisonsonline.com/prisons/uk/hmp-dovegate/what-to-expect,0
https://prisonsonline.com/prisons/uk/hmp-durham/booking-a-visit,0
https://prisonsonline.com/prisons/uk/hmp-durham/contact-details,0
https://prisonsonline.com/prisons/uk/hmp-durham/visiting-times,0
https://prisonsonline.com/prisons/uk/hmp-durham/what-to-expect,0
https://prisonsonline.com/prisons/uk/hmp-elmley/what-to-expect,0
https://prisonsonline.com/prisons/uk/hmp-erlestoke/booking-a-visit,0
https://prisonsonline.com/prisons/uk/hmp-erlestoke/contact-details,0
https://prisonsonline.com/prisons/uk/hmp-erlestoke/visiting-times,0
https://prisonsonline.com/prisons/uk/hmp-erlestoke/what-to-expect,0
https://prisonsonline.com/prisons/uk/hmp-exeter/booking-a-visit,0
https://prisonsonline.com/prisons/uk/hmp-exeter/visiting-times,0
https://prisonsonline.com/prisons/uk/hmp-exeter/what-to-expect,0
https://prisonsonline.com/prisons/uk/hmp-featherstone/booking-a-visit,0
https://prisonsonline.com/prisons/uk/hmp-featherstone/contact-details,0
https://prisonsonline.com/prisons/uk/hmp-featherstone/visiting-times,1
https://prisonsonline.com/prisons/uk/hmp-five-wells/what-to-expect,0
https://prisonsonline.com/prisons/uk/hmp-ford/booking-a-visit,0
https://prisonsonline.com/prisons/uk/hmp-ford/contact-details,0
https://prisonsonline.com/prisons/uk/hmp-ford/visiting-times,0
https://prisonsonline.com/prisons/uk/hmp-ford/what-to-expect,0
https://prisonsonline.com/prisons/uk/hmp-forest-bank/contact-details,0
https://prisonsonline.com/prisons/uk/hmp-forest-bank/visiting-times,0
https://prisonsonline.com/prisons/uk/hmp-forest-bank/what-to-expect,0
https://prisonsonline.com/prisons/uk/hmp-frankland/booking-a-visit,0
https://prisonsonline.com/prisons/uk/hmp-frankland/contact-details,0
https://prisonsonline.com/prisons/uk/hmp-frankland/visiting-times,0
https://prisonsonline.com/prisons/uk/hmp-frankland/what-to-expect,1
https://prisonsonline.com/prisons/uk/hmp-full-sutton/booking-a-visit,0
https://prisonsonline.com/prisons/uk/hmp-full-sutton/contact-details,0
https://prisonsonline.com/prisons/uk/hmp-full-sutton/visiting-times,0
https://prisonsonline.com/prisons/uk/hmp-full-sutton/what-to-expect,0
https://prisonsonline.com/prisons/uk/hmp-garth/booking-a-visit,0
https://prisonsonline.com/prisons/uk/hmp-garth/contact-details,0
https://prisonsonline.com/prisons/uk/hmp-garth/what-to-expect,0
https://prisonsonline.com/prisons/uk/hmp-gartree/what-to-expect,0
https://prisonsonline.com/prisons/uk/hmp-grendon/booking-a-visit,0
https://prisonsonline.com/prisons/uk/hmp-grendon/visiting-times,0
https://prisonsonline.com/prisons/uk/hmp-grendon/what-to-expect,0
https://prisonsonline.com/prisons/uk/hmp-guys-marsh/booking-a-visit,0
https://prisonsonline.com/prisons/uk/hmp-guys-marsh/contact-details,0
https://prisonsonline.com/prisons/uk/hmp-guys-marsh/visiting-times,0
https://prisonsonline.com/prisons/uk/hmp-guys-marsh/what-to-expect,0
https://prisonsonline.com/prisons/uk/hmp-hatfield/booking-a-visit,0
https://prisonsonline.com/prisons/uk/hmp-hatfield/visiting-times,0
https://prisonsonline.com/prisons/uk/hmp-haverigg/contact-details,0
https://prisonsonline.com/prisons/uk/hmp-haverigg/what-to-expect,0
https://prisonsonline.com/prisons/uk/hmp-hewell/booking-a-visit,0
https://prisonsonline.com/prisons/uk/hmp-hewell/what-to-expect,0
https://prisonsonline.com/prisons/uk/hmp-highpoint/visiting-times,0
https://prisonsonline.com/prisons/uk/hmp-highpoint/what-to-expect,0
https://prisonsonline.com/prisons/uk/hmp-holme-house/booking-a-visit,0
https://prisonsonline.com/prisons/uk/hmp-holme-house/visiting-times,0
https://prisonsonline.com/prisons/uk/hmp-holme-house/what-to-expect,1
https://prisonsonline.com/prisons/uk/hmp-humber/booking-a-visit,0
https://prisonsonline.com/prisons/uk/hmp-humber/visiting-times,0
https://prisonsonline.com/prisons/uk/hmp-humber/what-to-expect,0
https://prisonsonline.com/prisons/uk/hmp-huntercombe/what-to-expect,0
https://prisonsonline.com/prisons/uk/hmp-isle-of-wight/booking-a-visit,0
https://prisonsonline.com/prisons/uk/hmp-isle-of-wight/visiting-times,0
https://prisonsonline.com/prisons/uk/hmp-isle-of-wight/what-to-expect,0
https://prisonsonline.com/prisons/uk/hmp-kirkham/booking-a-visit,0
https://prisonsonline.com/prisons/uk/hmp-kirkham/visiting-times,0
https://prisonsonline.com/prisons/uk/hmp-kirkham/what-to-expect,0
https://prisonsonline.com/prisons/uk/hmp-kirklevington-grange/contact-details,0
https://prisonsonline.com/prisons/uk/hmp-kirklevington-grange/visiting-times,1
https://prisonsonline.com/prisons/uk/hmp-kirklevington-grange/what-to-expect,0
https://prisonsonline.com/prisons/uk/hmp-lancaster-farms/booking-a-visit,0
https://prisonsonline.com/prisons/uk/hmp-lancaster-farms/contact-details,0
https://prisonsonline.com/prisons/uk/hmp-lancaster-farms/visiting-times,0
https://prisonsonline.com/prisons/uk/hmp-lancaster-farms/what-to-expect,1
https://prisonsonline.com/prisons/uk/hmp-leeds/booking-a-visit,0
https://prisonsonline.com/prisons/uk/hmp-leeds/contact-details,0
https://prisonsonline.com/prisons/uk/hmp-leeds/visiting-times,0
https://prisonsonline.com/prisons/uk/hmp-leeds/what-to-expect,1
https://prisonsonline.com/prisons/uk/hmp-leicester/booking-a-visit,0
https://prisonsonline.com/prisons/uk/hmp-leicester/visiting-times,0
https://prisonsonline.com/prisons/uk/hmp-leicester/what-to-expect,1
https://prisonsonline.com/prisons/uk/hmp-lewes/booking-a-visit,0
https://prisonsonline.com/prisons/uk/hmp-lewes/visiting-times,0
https://prisonsonline.com/prisons/uk/hmp-lewes/what-to-expect,0
https://prisonsonline.com/prisons/uk/hmp-leyhill/booking-a-visit,0
https://prisonsonline.com/prisons/uk/hmp-leyhill/visiting-times,0
https://prisonsonline.com/prisons/uk/hmp-leyhill/what-to-expect,0
https://prisonsonline.com/prisons/uk/hmp-lindholme/contact-details,1
https://prisonsonline.com/prisons/uk/hmp-lindholme/visiting-times,0
https://prisonsonline.com/prisons/uk/hmp-lindholme/what-to-expect,0
https://prisonsonline.com/prisons/uk/hmp-littlehey/visiting-times,0
https://prisonsonline.com/prisons/uk/hmp-liverpool/visiting-times,0
https://prisonsonline.com/prisons/uk/hmp-liverpool/what-to-expect,0
https://prisonsonline.com/prisons/uk/hmp-long-lartin/what-to-expect,0
https://prisonsonline.com/prisons/uk/hmp-lowdham-grange/contact-details,0
https://prisonsonline.com/prisons/uk/hmp-lowdham-grange/visiting-times,1
https://prisonsonline.com/prisons/uk/hmp-lowdham-grange/what-to-expect,1
https://prisonsonline.com/prisons/uk/hmp-maidstone/booking-a-visit,0
https://prisonsonline.com/prisons/uk/hmp-maidstone/contact-details,0
https://prisonsonline.com/prisons/uk/hmp-maidstone/what-to-expect,0
https://prisonsonline.com/prisons/uk/hmp-manchester/booking-a-visit,0
https://prisonsonline.com/prisons/uk/hmp-manchester/visiting-times,0
https://prisonsonline.com/prisons/uk/hmp-manchester/what-to-expect,0
https://prisonsonline.com/prisons/uk/hmp-morton-hall/contact-details,0
https://prisonsonline.com/prisons/uk/hmp-morton-hall/visiting-times,0
https://prisonsonline.com/prisons/uk/hmp-morton-hall/what-to-expect,0
https://prisonsonline.com/prisons/uk/hmp-north-sea-camp/contact-details,0
https://prisonsonline.com/prisons/uk/hmp-north-sea-camp/what-to-expect,0
https://prisonsonline.com/prisons/uk/hmp-northumberland/booking-a-visit,0
https://prisonsonline.com/prisons/uk/hmp-northumberland/visiting-times,0
https://prisonsonline.com/prisons/uk/hmp-northumberland/what-to-expect,0
https://prisonsonline.com/prisons/uk/hmp-norwich/booking-a-visit,0
https://prisonsonline.com/prisons/uk/hmp-norwich/contact-details,0
https://prisonsonline.com/prisons/uk/hmp-norwich/what-to-expect,0
https://prisonsonline.com/prisons/uk/hmp-nottingham/contact-details,0
https://prisonsonline.com/prisons/uk/hmp-nottingham/what-to-expect,0
https://prisonsonline.com/prisons/uk/hmp-oakwood/visiting-times,0
https://prisonsonline.com/prisons/uk/hmp-oakwood/what-to-expect,0
https://prisonsonline.com/prisons/uk/hmp-onley/booking-a-visit,0
https://prisonsonline.com/prisons/uk/hmp-onley/visiting-times,0
https://prisonsonline.com/prisons/uk/hmp-onley/what-to-expect,1
https://prisonsonline.com/prisons/uk/hmp-peterborough/what-to-expect,0
https://prisonsonline.com/prisons/uk/hmp-preston/what-to-expect,0
https://prisonsonline.com/prisons/uk/hmp-ranby/what-to-expect,1
https://prisonsonline.com/prisons/uk/hmp-risley/booking-a-visit,0
https://prisonsonline.com/prisons/uk/hmp-risley/contact-details,0
https://prisonsonline.com/prisons/uk/hmp-risley/visiting-times,0
https://prisonsonline.com/prisons/uk/hmp-risley/what-to-expect,0
https://prisonsonline.com/prisons/uk/hmp-rye-hill/visiting-times,0
https://prisonsonline.com/prisons/uk/hmp-rye-hill/what-to-expect,0
https://prisonsonline.com/prisons/uk/hmp-send/booking-a-visit,0
https://prisonsonline.com/prisons/uk/hmp-send/contact-details,0
https://prisonsonline.com/prisons/uk/hmp-send/visiting-times,0
https://prisonsonline.com/prisons/uk/hmp-send/what-to-expect,0
https://prisonsonline.com/prisons/uk/hmp-spring-hill/booking-a-visit,0
https://prisonsonline.com/prisons/uk/hmp-spring-hill/visiting-times,0
https://prisonsonline.com/prisons/uk/hmp-spring-hill/what-to-expect,0
https://prisonsonline.com/prisons/uk/hmp-stafford/booking-a-visit,0
https://prisonsonline.com/prisons/uk/hmp-stafford/contact-details,0
https://prisonsonline.com/prisons/uk/hmp-stafford/visiting-times,0
https://prisonsonline.com/prisons/uk/hmp-stafford/what-to-expect,1
https://prisonsonline.com/prisons/uk/hmp-sudbury/booking-a-visit,0
https://prisonsonline.com/prisons/uk/hmp-sudbury/contact-details,0
https://prisonsonline.com/prisons/uk/hmp-sudbury/visiting-times,1
https://prisonsonline.com/prisons/uk/hmp-sudbury/what-to-expect,0
https://prisonsonline.com/prisons/uk/hmp-swaleside/what-to-expect,0
https://prisonsonline.com/prisons/uk/hmp-swansea/booking-a-visit,0
https://prisonsonline.com/prisons/uk/hmp-swansea/contact-details,0
https://prisonsonline.com/prisons/uk/hmp-swansea/what-to-expect,0
https://prisonsonline.com/prisons/uk/hmp-thameside/booking-a-visit,0
https://prisonsonline.com/prisons/uk/hmp-thameside/contact-details,0
https://prisonsonline.com/prisons/uk/hmp-thameside/what-to-expect,0
https://prisonsonline.com/prisons/uk/hmp-the-mount/booking-a-visit,0
https://prisonsonline.com/prisons/uk/hmp-the-mount/contact-details,0
https://prisonsonline.com/prisons/uk/hmp-the-mount/visiting-times,0
https://prisonsonline.com/prisons/uk/hmp-the-mount/what-to-expect,0
https://prisonsonline.com/prisons/uk/hmp-the-verne/visiting-times,0
https://prisonsonline.com/prisons/uk/hmp-the-verne/what-to-expect,0
https://prisonsonline.com/prisons/uk/hmp-usk/booking-a-visit,0
https://prisonsonline.com/prisons/uk/hmp-usk/contact-details,0
https://prisonsonline.com/prisons/uk/hmp-usk/visiting-times,0
https://prisonsonline.com/prisons/uk/hmp-usk/what-to-expect,0
https://prisonsonline.com/prisons/uk/hmp-wakfield/what-to-expect,0
https://prisonsonline.com/prisons/uk/hmp-wandsworth/booking-a-visit,0
https://prisonsonline.com/prisons/uk/hmp-wandsworth/contact-details,0
https://prisonsonline.com/prisons/uk/hmp-wandsworth/visiting-times,0
https://prisonsonline.com/prisons/uk/hmp-wandsworth/what-to-expect,0
https://prisonsonline.com/prisons/uk/hmp-warren-hill/booking-a-visit,0
https://prisonsonline.com/prisons/uk/hmp-warren-hill/what-to-expect,0
https://prisonsonline.com/prisons/uk/hmp-wayland/booking-a-visit,0
https://prisonsonline.com/prisons/uk/hmp-wayland/visiting-times,0
https://prisonsonline.com/prisons/uk/hmp-wayland/what-to-expect,0
https://prisonsonline.com/prisons/uk/hmp-wealstun/booking-a-visit,0
https://prisonsonline.com/prisons/uk/hmp-wealstun/contact-details,0
https://prisonsonline.com/prisons/uk/hmp-wealstun/visiting-times,0
https://prisonsonline.com/prisons/uk/hmp-wealstun/what-to-expect,0
https://prisonsonline.com/prisons/uk/hmp-whatton/booking-a-visit,0
https://prisonsonline.com/prisons/uk/hmp-whatton/contact-details,0
https://prisonsonline.com/prisons/uk/hmp-whatton/visiting-times,0
https://prisonsonline.com/prisons/uk/hmp-whatton/what-to-expect,0
https://prisonsonline.com/prisons/uk/hmp-whitemoor/contact-details,0
https://prisonsonline.com/prisons/uk/hmp-whitemoor/visiting-times,0
https://prisonsonline.com/prisons/uk/hmp-whitemoor/what-to-expect,0
https://prisonsonline.com/prisons/uk/hmp-wormwood-scrubs/booking-a-visit,2
https://prisonsonline.com/prisons/uk/hmp-wormwood-scrubs/contact-details,0
https://prisonsonline.com/prisons/uk/hmp-wormwood-scrubs/visiting-times,0
https://prisonsonline.com/prisons/uk/hmp-wormwood-scrubs/what-to-expect,0
https://prisonsonline.com/prisons/uk/hmp-wymott/booking-a-visit,0
https://prisonsonline.com/prisons/uk/hmp-wymott/contact-details,0
https://prisonsonline.com/prisons/uk/hmp-wymott/visiting-times,0
https://prisonsonline.com/prisons/uk/hmp-wymott/what-to-expect,0
https://prisonsonline.com/prisons/uk/hmp-yoi-altcourse/contact-details,0
https://prisonsonline.com/prisons/uk/hmp-yoi-altcourse/what-to-expect,0
https://prisonsonline.com/prisons/uk/hmp-yoi-askham-grange/booking-a-visit,0
https://prisonsonline.com/prisons/uk/hmp-yoi-askham-grange/contact-details,0
https://prisonsonline.com/prisons/uk/hmp-yoi-askham-grange/visiting-times,0
https://prisonsonline.com/prisons/uk/hmp-yoi-askham-grange/what-to-expect,2
https://prisonsonline.com/prisons/uk/hmp-yoi-brinsford/booking-a-visit,0
https://prisonsonline.com/prisons/uk/hmp-yoi-brinsford/contact-details,0
https://prisonsonline.com/prisons/uk/hmp-yoi-brinsford/visiting-times,0
https://prisonsonline.com/prisons/uk/hmp-yoi-bronzefield/visiting-times,0
https://prisonsonline.com/prisons/uk/hmp-yoi-bronzefield/what-to-expect,0
https://prisonsonline.com/prisons/uk/hmp-yoi-chelmsford/booking-a-visit,0
https://prisonsonline.com/prisons/uk/hmp-yoi-chelmsford/contact-details,1
https://prisonsonline.com/prisons/uk/hmp-yoi-chelmsford/visiting-times,0
https://prisonsonline.com/prisons/uk/hmp-yoi-chelmsford/what-to-expect,0
https://prisonsonline.com/prisons/uk/hmp-yoi-doncaster/booking-a-visit,0
https://prisonsonline.com/prisons/uk/hmp-yoi-doncaster/contact-details,0
https://prisonsonline.com/prisons/uk/hmp-yoi-doncaster/what-to-expect,0
https://prisonsonline.com/prisons/uk/hmp-yoi-downview/booking-a-visit,0
https://prisonsonline.com/prisons/uk/hmp-yoi-downview/contact-details,0
https://prisonsonline.com/prisons/uk/hmp-yoi-downview/visiting-times,0
https://prisonsonline.com/prisons/uk/hmp-yoi-downview/what-to-expect,0
https://prisonsonline.com/prisons/uk/hmp-yoi-drake-hall/booking-a-visit,0
https://prisonsonline.com/prisons/uk/hmp-yoi-drake-hall/visiting-times,0
https://prisonsonline.com/prisons/uk/hmp-yoi-drake-hall/what-to-expect,0
https://prisonsonline.com/prisons/uk/hmp-yoi-east-sutton-park/booking-a-visit,0
https://prisonsonline.com/prisons/uk/hmp-yoi-east-sutton-park/contact-details,0
https://prisonsonline.com/prisons/uk/hmp-yoi-eastwood-park/booking-a-visit,0
https://prisonsonline.com/prisons/uk/hmp-yoi-eastwood-park/visiting-times,0
https://prisonsonline.com/prisons/uk/hmp-yoi-eastwood-park/what-to-expect,0
https://prisonsonline.com/prisons/uk/hmp-yoi-foston-hall/booking-a-visit,0
https://prisonsonline.com/prisons/uk/hmp-yoi-foston-hall/contact-details,0
https://prisonsonline.com/prisons/uk/hmp-yoi-foston-hall/visiting-times,0
https://prisonsonline.com/prisons/uk/hmp-yoi-foston-hall/what-to-expect,0
https://prisonsonline.com/prisons/uk/hmp-yoi-high-down/booking-a-visit,0
https://prisonsonline.com/prisons/uk/hmp-yoi-hindley/booking-a-visit,0
https://prisonsonline.com/prisons/uk/hmp-yoi-hindley/contact-details,0
https://prisonsonline.com/prisons/uk/hmp-yoi-hindley/visiting-times,0
https://prisonsonline.com/prisons/uk/hmp-yoi-hindley/what-to-expect,0
https://prisonsonline.com/prisons/uk/hmp-yoi-hollesley-bay/booking-a-visit,1
https://prisonsonline.com/prisons/uk/hmp-yoi-hollesley-bay/contact-details,0
https://prisonsonline.com/prisons/uk/hmp-yoi-hollesley-bay/visiting-times,0
https://prisonsonline.com/prisons/uk/hmp-yoi-hollesley-bay/what-to-expect,0
https://prisonsonline.com/prisons/uk/hmp-yoi-hull/visiting-times,0
https://prisonsonline.com/prisons/uk/hmp-yoi-hull/what-to-expect,0
https://prisonsonline.com/prisons/uk/hmp-yoi-isis/booking-a-visit,0
https://prisonsonline.com/prisons/uk/hmp-yoi-isis/contact-details,0
https://prisonsonline.com/prisons/uk/hmp-yoi-isis/visiting-times,0
https://prisonsonline.com/prisons/uk/hmp-yoi-isis/what-to-expect,0
https://prisonsonline.com/prisons/uk/hmp-yoi-lincoln/booking-a-visit,0
https://prisonsonline.com/prisons/uk/hmp-yoi-lincoln/visiting-times,0
https://prisonsonline.com/prisons/uk/hmp-yoi-lincoln/what-to-expect,0
https://prisonsonline.com/prisons/uk/hmp-yoi-low-newton/booking-a-visit,0
https://prisonsonline.com/prisons/uk/hmp-yoi-low-newton/contact-details,0
https://prisonsonline.com/prisons/uk/hmp-yoi-low-newton/visiting-times,0
https://prisonsonline.com/prisons/uk/hmp-yoi-low-newton/what-to-expect,0
https://prisonsonline.com/prisons/uk/hmp-yoi-moorland/what-to-expect,0
https://prisonsonline.com/prisons/uk/hmp-yoi-new-hall/booking-a-visit,0
https://prisonsonline.com/prisons/uk/hmp-yoi-new-hall/visiting-times,0
https://prisonsonline.com/prisons/uk/hmp-yoi-new-hall/what-to-expect,0
https://prisonsonline.com/prisons/uk/hmp-yoi-parc/what-to-expect,0
https://prisonsonline.com/prisons/uk/hmp-yoi-pentonville/booking-a-visit,0
https://prisonsonline.com/prisons/uk/hmp-yoi-pentonville/contact-details,0
https://prisonsonline.com/prisons/uk/hmp-yoi-pentonville/visiting-times,1
https://prisonsonline.com/prisons/uk/hmp-yoi-pentonville/what-to-expect,0
https://prisonsonline.com/prisons/uk/hmp-yoi-prescoed/booking-a-visit,0
https://prisonsonline.com/prisons/uk/hmp-yoi-prescoed/contact-details,0
https://prisonsonline.com/prisons/uk/hmp-yoi-prescoed/visiting-times,0
https://prisonsonline.com/prisons/uk/hmp-yoi-prescoed/what-to-expect,0
https://prisonsonline.com/prisons/uk/hmp-yoi-rochester/booking-a-visit,0
https://prisonsonline.com/prisons/uk/hmp-yoi-rochester/contact-details,0
https://prisonsonline.com/prisons/uk/hmp-yoi-rochester/visiting-times,0
https://prisonsonline.com/prisons/uk/hmp-yoi-rochester/what-to-expect,0
https://prisonsonline.com/prisons/uk/hmp-yoi-standford-hill/booking-a-visit,0
https://prisonsonline.com/prisons/uk/hmp-yoi-standford-hill/contact-details,0
https://prisonsonline.com/prisons/uk/hmp-yoi-standford-hill/visiting-times,0
https://prisonsonline.com/prisons/uk/hmp-yoi-standford-hill/what-to-expect,0
https://prisonsonline.com/prisons/uk/hmp-yoi-stocken/booking-a-visit,0
https://prisonsonline.com/prisons/uk/hmp-yoi-stocken/contact-details,0
https://prisonsonline.com/prisons/uk/hmp-yoi-stoke-heath/booking-a-visit,0
https://prisonsonline.com/prisons/uk/hmp-yoi-stoke-heath/visiting-times,0
https://prisonsonline.com/prisons/uk/hmp-yoi-stoke-heath/what-to-expect,0
https://prisonsonline.com/prisons/uk/hmp-yoi-styal/booking-a-visit,0
https://prisonsonline.com/prisons/uk/hmp-yoi-styal/contact-details,0
https://prisonsonline.com/prisons/uk/hmp-yoi-styal/visiting-times,1
https://prisonsonline.com/prisons/uk/hmp-yoi-styal/what-to-expect,0
https://prisonsonline.com/prisons/uk/hmp-yoi-swinfen-hall/contact-details,0
https://prisonsonline.com/prisons/uk/hmp-yoi-thorn-cross/booking-a-visit,0
https://prisonsonline.com/prisons/uk/hmp-yoi-thorn-cross/contact-details,0
https://prisonsonline.com/prisons/uk/hmp-yoi-thorn-cross/what-to-expect,0
https://prisonsonline.com/prisons/uk/hmp-yoi-winchester/booking-a-visit,0
https://prisonsonline.com/prisons/uk/hmp-yoi-winchester/contact-details,0
https://prisonsonline.com/prisons/uk/hmp-yoi-winchester/visiting-times,0
https://prisonsonline.com/prisons/uk/hmp-yoi-woodhill/booking-a-visit,0
https://prisonsonline.com/prisons/uk/hmp-yoi-woodhill/contact-details,0
https://prisonsonline.com/prisons/uk/hmp-yoi-woodhill/visiting-times,0
https://prisonsonline.com/prisons/uk/hmp-yoi-woodhill/what-to-expect,0
https://prisonsonline.com/prisons/uk/hmyoi-aylesbury/booking-a-visit,0
https://prisonsonline.com/prisons/uk/hmyoi-aylesbury/visiting-times,0
https://prisonsonline.com/prisons/uk/hmyoi-aylesbury/what-to-expect,0
https://prisonsonline.com/prisons/uk/hmyoi-cookham-wood/contact-details,0
https://prisonsonline.com/prisons/uk/hmyoi-deerbolt/contact-details,0
https://prisonsonline.com/prisons/uk/hmyoi-deerbolt/what-to-expect,0
https://prisonsonline.com/prisons/uk/hmyoi-feltham/contact-details,0
https://prisonsonline.com/prisons/uk/hmyoi-feltham/visiting-times,0
https://prisonsonline.com/prisons/uk/hmyoi-portland/booking-a-visit,0
https://prisonsonline.com/prisons/uk/hmyoi-portland/visiting-times,0
https://prisonsonline.com/prisons/uk/hmyoi-portland/what-to-expect,0
https://prisonsonline.com/prisons/uk/hmyoi-werrington/contact-details,0
https://prisonsonline.com/prisons/uk/hmyoi-werrington/visiting-times,0
https://prisonsonline.com/prisons/uk/hmyoi-werrington/what-to-expect,0
https://prisonsonline.com/prisons/uk/hmyoi-wetherby/visiting-times,0
https://prisonsonline.com/prisons/uk/hmyoi-wetherby/what-to-expect,0
https://prisonsonline.com/prisons/uk/oakhill-secure-training-centre/booking-a-visit,0
https://prisonsonline.com/prisons/uk/oakhill-secure-training-centre/visiting-times,0
https://prisonsonline.com/prisons/uk/oakhill-secure-training-centre/what-to-expect,0
https://prisonsonline.com/prisons/uk/prison-122/booking-a-visit,0
https://prisonsonline.com/prisons/uk/prison-122/visiting-times,0
https://prisonsonline.com/prisons/us/alderson-fpc/visiting-times,0
https://prisonsonline.com/prisons/us/alderson-fpc/what-to-expect,0
https://prisonsonline.com/prisons/us/atlanta-fci/contact-details,0
https://prisonsonline.com/prisons/us/atlanta-fci/visiting-times,0
https://prisonsonline.com/prisons/us/brooklyn-mdc/booking-a-visit,0
https://prisonsonline.com/prisons/us/brooklyn-mdc/visiting-times,0
https://prisonsonline.com/prisons/us/brooklyn-mdc/what-to-expect,0
https://prisonsonline.com/prisons/us/coleman-i-usp/visiting-times,0
https://prisonsonline.com/prisons/us/florence-admax-usp/booking-a-visit,0
https://prisonsonline.com/prisons/us/florence-admax-usp/contact-details,0
https://prisonsonline.com/prisons/us/florence-admax-usp/visiting-times,0
https://prisonsonline.com/prisons/us/florence-admax-usp/what-to-expect,0
https://prisonsonline.com/prisons/us/manchester-fci/booking-a-visit,0
https://prisonsonline.com/prisons/us/manchester-fci/visiting-times,0
https://prisonsonline.com/prisons/us/manchester-fci/what-to-expect,0
